name,asset_slug,hero_id,faction,role,rarity,rarity_code,hero_generation,real_generation,client_version,minimum_server_version,display_priority,portrait_asset,small_portrait_asset,ascension_hero_id,has_ascension,acquisition_class,acquisition_label,acquisition_confidence,recruit_pool,turntable_event,iap_linked,generic_drop_table,release_week_min,release_week_max,release_rule_count,max_level,max_level_battle_power,max_level_attack,max_level_defense,max_level_health,max_level_march_capacity,best_non_basic_damage_coefficient,offense_index,durability_index,composite_index,offense_rank,durability_rank,composite_rank
Tony,tony,25300027,Sky,Melee,SSR,4,,0,,,105,sp_avatar_survivor_squad_tony,sp_avatar_skill_survivor_tony,,False,f2p_confirmed,Recruitable (F2P confirmed),high,True,True,True,True,22,24,14,150,640000,24000.0,4800.0,1600000.0,20000.0,,100.0,100.0,100.0,1,1,1
Maddie,maddie,25300015,Sky,Range,SSR,4,H1,1,,,4,sp_avatar_survivor_squad_maddie,sp_avatar_skill_survivor_maddie,,False,f2p_confirmed,Recruitable (F2P confirmed),high,True,True,True,True,,,0,150,640000,24000.0,4800.0,1600000.0,20000.0,,100.0,100.0,100.0,1,1,1
Rosie,rosie,25300138,Mountain,Melee,SSR,4,H1,1,,,30,sp_avatar_survivor_squad_rosie,sp_avatar_skill_survivor_rosie,,False,f2p_confirmed,Recruitable (F2P confirmed),high,True,False,True,True,,,0,150,640000,24000.0,4800.0,1600000.0,20000.0,,100.0,100.0,100.0,1,1,1
Nikola,nikola,25300009,Mountain,Melee,SSR,4,H1,1,,,60,sp_avatar_survivor_squad_nikola,sp_avatar_skill_survivor_nikola,,False,f2p_confirmed,Recruitable (F2P confirmed),high,True,True,True,True,6,8,14,150,640000,24000.0,4800.0,1600000.0,20000.0,,100.0,100.0,100.0,1,1,1
Ray,ray,25300008,Mountain,Range,SSR,4,,2,,,20,sp_avatar_survivor_squad_ray,sp_avatar_skill_survivor_ray,,False,event_mixed,Event/turntable + paid acceleration,medium,False,True,True,True,,,0,150,640000,24000.0,4800.0,1600000.0,20000.0,,100.0,100.0,100.0,1,1,1
Becca,becca,25300041,Wasteland,Range,SSR,4,,1,1.13.0,,50,sp_avatar_survivor_squad_becca,sp_avatar_skill_survivor_becca,,False,event_mixed,Event/turntable + paid acceleration,medium,False,True,True,True,4,5,14,150,640000,24000.0,4800.0,1600000.0,20000.0,,100.0,100.0,100.0,1,1,1
Layla,layla,25300137,Wasteland,Mid,SSR,4,H1,1,,,40,sp_avatar_survivor_squad_layla,sp_avatar_skill_survivor_layla,,False,f2p_confirmed,Recruitable (F2P confirmed),high,True,True,True,True,2,3,14,150,640000,24000.0,4800.0,1600000.0,20000.0,,100.0,100.0,100.0,1,1,1
Candy,candy,25300038,Wasteland,Mid,SSR,4,,0,1.8.70,,90,sp_avatar_survivor_squad_candy,sp_avatar_skill_survivor_candy,,False,f2p_confirmed,Recruitable (F2P confirmed),high,True,True,True,True,12,14,14,150,640000,24000.0,4800.0,1600000.0,20000.0,,100.0,100.0,100.0,1,1,1
Mike,mike,25300013,Sky,Melee,SSR,4,,0,,,130,sp_avatar_survivor_squad_mike,sp_avatar_skill_survivor_mike,,False,f2p_confirmed,Recruitable (F2P confirmed),high,True,True,True,True,24,26,14,150,640000,24000.0,4800.0,1600000.0,20000.0,,100.0,100.0,100.0,1,1,1
Wright,wright,25300220,Sky,Mid,SSR,4,H1,1,,,120,sp_avatar_survivor_squad_wright,sp_avatar_skill_survivor_wright,,False,event_mixed,Event/turntable + paid acceleration,medium,False,True,True,True,20,22,14,150,640000,24000.0,4800.0,1600000.0,20000.0,,100.0,100.0,100.0,1,1,1
Kiki,tithi,25300221,Sky,Range,SSR,4,H1,1,,,110,sp_avatar_survivor_squad_tithi,sp_avatar_skill_survivor_tithi,,False,event_mixed,Event/turntable + paid acceleration,medium,False,True,True,True,18,20,14,150,640000,24000.0,4800.0,1600000.0,20000.0,,100.0,100.0,100.0,1,1,1
Tara,tara,25300222,Mountain,Mid,SSR,4,H1,1,,,80,sp_avatar_survivor_squad_tara,sp_avatar_skill_survivor_tara,,False,event_mixed,Event/turntable + paid acceleration,medium,False,True,True,True,10,12,14,150,640000,24000.0,4800.0,1600000.0,20000.0,,100.0,100.0,100.0,1,1,1
Jacob,jacob,25300223,Wasteland,Melee,SSR,4,H1,1,,,100,sp_avatar_survivor_squad_jacob,sp_avatar_skill_survivor_jacob,,False,event_mixed,Event/turntable + paid acceleration,medium,False,True,True,True,14,16,14,150,640000,24000.0,4800.0,1600000.0,20000.0,,100.0,100.0,100.0,1,1,1
Tarzan,tarzan,25300224,Mountain,Melee,SSR,4,H1,1,,2.2.800,70,sp_avatar_survivor_squad_tarzan,sp_avatar_skill_survivor_tarzan,,False,event_mixed,Event/turntable + paid acceleration,medium,False,True,True,True,8,10,14,150,640000,24000.0,4800.0,1600000.0,20000.0,,100.0,100.0,100.0,1,1,1
Chiron,chiron,25300225,Wasteland,Mid,SSR,4,H1,1,,2.2.800,140,sp_avatar_survivor_squad_chiron,sp_avatar_skill_survivor_chiron,,False,event_mixed,Event/turntable + paid acceleration,medium,False,True,True,True,16,18,14,150,640000,24000.0,4800.0,1600000.0,20000.0,,100.0,100.0,100.0,1,1,1
Shark,shark,25300237,Sea,Melee,SSR,4,H1,1,2.3.800,2.3.800,150,sp_avatar_survivor_squad_shark,sp_avatar_skill_survivor_shark,,False,event_mixed,Event/turntable + paid acceleration,medium,False,True,True,True,26,28,14,150,640000,24000.0,4800.0,1600000.0,20000.0,,100.0,100.0,100.0,1,1,1
Ragnar,ragnar,25300238,Sea,Melee,SSR,4,H1,1,2.4.000,2.4.000,151,sp_avatar_survivor_squad_ragnar,sp_avatar_skill_survivor_ragnar,,False,event_mixed,Event/turntable + paid acceleration,medium,False,True,True,True,28,30,14,150,640000,24000.0,4800.0,1600000.0,20000.0,,100.0,100.0,100.0,1,1,1
Knotty,knotty,25300239,Sea,Range,SSR,4,H1,1,2.4.200,2.4.200,152,sp_avatar_survivor_squad_knotty,sp_avatar_skill_survivor_knotty,,False,event_mixed,Event/turntable + paid acceleration,medium,False,True,True,True,30,32,14,150,640000,24000.0,4800.0,1600000.0,20000.0,,100.0,100.0,100.0,1,1,1
Undine,undine,25300240,Sea,Mid,SSR,4,,0,2.4.500,,153,sp_avatar_survivor_squad_undine,sp_avatar_skill_survivor_undine,,False,event_mixed,Event/turntable + paid acceleration,medium,False,True,True,True,32,34,14,150,640000,24000.0,4800.0,1600000.0,20000.0,,100.0,100.0,100.0,1,1,1
Dave,dave,25300241,Sea,Mid,SSR,4,,1,2.5.500,,154,sp_avatar_survivor_squad_dave,sp_avatar_skill_survivor_dave,,False,event_mixed,Event/turntable + paid acceleration,medium,False,True,True,True,34,36,14,150,640000,24000.0,4800.0,1600000.0,20000.0,,100.0,100.0,100.0,1,1,1
Lava,lava,25300242,Mountain,Melee,SSR,4,H1,1,2.6.200,2.6.200,155,sp_avatar_survivor_squad_lava,sp_avatar_skill_survivor_lava,,False,iap_linked,IAP-linked; free route unconfirmed,medium,False,False,True,False,36,38,14,150,640000,24000.0,4800.0,1600000.0,20000.0,,100.0,100.0,100.0,1,1,1
Lucky,lucky,25300010,Sky,Range,SR,3,H1,1,,,2,sp_avatar_survivor_squad_lucky,sp_avatar_skill_survivor_lucky,25300231,True,unknown,Acquisition route unknown,low,False,False,False,True,,,0,150,531200,19920.0,3984.0,1328000.0,20000.0,,60.47,60.47,60.47,22,22,22
Sarge,sarge,25300016,Sky,Range,SR,3,,0,,,11,sp_avatar_survivor_squad_sarge,sp_avatar_skill_survivor_sarge,25300232,True,f2p_confirmed,Recruitable (F2P confirmed),high,True,False,False,True,,,0,150,531200,19920.0,3984.0,1328000.0,20000.0,,60.47,60.47,60.47,22,22,22
Chef,ken,25300007,Mountain,Melee,SR,3,,0,,,7,sp_avatar_survivor_squad_ken,sp_avatar_skill_survivor_ken,25300234,True,f2p_confirmed,Recruitable (F2P confirmed),high,True,False,False,True,,,0,150,531200,19920.0,3984.0,1328000.0,20000.0,,60.47,60.47,60.47,22,22,22
Freja,freja,25300139,Mountain,Mid,SR,3,H1,1,,,4,sp_avatar_survivor_squad_freja,sp_avatar_skill_survivor_freja,25300233,True,f2p_confirmed,Recruitable (F2P confirmed),high,True,False,False,True,,,0,150,531200,19920.0,3984.0,1328000.0,20000.0,,60.47,60.47,60.47,22,22,22
Travis,travis,25300019,Wasteland,Mid,SR,3,,0,,1.4.0,13,sp_avatar_survivor_squad_travis,sp_avatar_skill_survivor_travis,25300235,True,f2p_confirmed,Recruitable (F2P confirmed),high,True,False,False,True,,,0,150,531200,19920.0,3984.0,1328000.0,20000.0,,60.47,60.47,60.47,22,22,22
Eva,eva,25300012,Wasteland,Melee,SR,3,,0,,,12,sp_avatar_survivor_squad_eva,sp_avatar_skill_survivor_eva,25300236,True,f2p_confirmed,Recruitable (F2P confirmed),high,True,False,False,True,,,0,150,531200,19920.0,3984.0,1328000.0,20000.0,,60.47,60.47,60.47,22,22,22
Rusty,rusty,25300014,Mountain,Melee,R,2,,0,,,3,sp_avatar_survivor_squad_rusty,sp_avatar_skill_survivor_rusty,,False,f2p_confirmed,Recruitable (F2P confirmed),high,True,False,False,True,,,0,150,364800,13680.0,2736.0,912000.0,20000.0,,0.0,0.0,0.0,28,28,28
Ghost,tim,25300005,Wasteland,Mid,R,2,,0,,,5,sp_avatar_survivor_squad_ghost,sp_avatar_skill_survivor_tim,,False,f2p_confirmed,Recruitable (F2P confirmed),high,True,False,False,True,,,0,150,364800,13680.0,2736.0,912000.0,20000.0,,0.0,0.0,0.0,28,28,28
